MSE,MAE,RMSE,MAPE,SMAPE,R2,NRMSE
0.21719811207825138,0.5295241475105286,0.6761780381202698,24.72529411315918,19.86644172668457,0.8534595966339111,0.10074235498905182
